{
  "weights": [
    -1.9155179262161255,
    0.6587181687355042,
    -0.8493967056274414,
    -0.11421608924865723,
    -0.8506401181221008,
    -1.6582833528518677,
    0.17798160016536713,
    0.2904408276081085,
    -0.3829316198825836,
    -4.075886249542236,
    -0.46386489272117615,
    0.2870759069919586,
    -1.050180435180664,
    -1.0398366451263428,
    0.5884835124015808,
    0.277156800031662,
    -0.37587761878967285,
    -1.0762841701507568,
    0.1072496771812439,
    0.07230763882398605,
    -0.916946530342102,
    0.9793797731399536,
    1.144968032836914,
    1.3900859355926514,
    0.3313792943954468,
    0.8686500191688538,
    1.6536353826522827,
    0.009071244858205318,
    -0.7473950982093811,
    0.9779940843582153,
    0.8066444396972656,
    0.23615224659442902,
    1.6079964637756348,
    1.1634036302566528,
    -1.385923981666565,
    1.3730270862579346,
    -0.4646974503993988,
    -2.679452419281006,
    0.3338092267513275,
    0.23077715933322906,
    0.3029060959815979,
    1.3283969163894653,
    1.6315224170684814,
    0.13519945740699768,
    -0.10637980699539185,
    0.981296181678772,
    0.3357742428779602,
    -0.3056788742542267,
    1.140113115310669,
    -0.6273270845413208,
    0.6929953098297119
  ],
  "fitness": 39.19930011868654,
  "disqualified": false
}