{
  "weights": [
    -0.7806754112243652,
    1.0,
    0.20749080181121826,
    -0.4366774260997772,
    1.0,
    1.0,
    0.030913647264242172,
    0.6745439767837524,
    -0.48455870151519775,
    0.26274511218070984,
    0.6326418519020081,
    -0.4743204712867737,
    -1.0,
    0.5114142894744873,
    -0.06797831505537033,
    -1.0,
    0.2721749544143677,
    -0.669420599937439,
    0.15817029774188995,
    1.0,
    -0.8465830683708191,
    1.0,
    -1.0,
    1.0,
    -0.0456298366189003,
    -0.7898561358451843,
    0.7533014416694641,
    0.008868608623743057,
    -1.0,
    0.46481311321258545,
    -0.7185596823692322,
    -0.24202275276184082,
    0.6203896999359131,
    0.03577183187007904,
    0.34024596214294434,
    0.653282642364502,
    -0.41324272751808167,
    0.7214455604553223,
    -0.04999884217977524,
    1.0,
    0.2639288604259491,
    0.9417445659637451,
    -0.4497150778770447,
    -1.4650732278823853,
    0.22763986885547638,
    -1.0989888906478882,
    1.1580613851547241,
    0.3466879725456238,
    -2.203975200653076,
    -1.2219312191009521,
    -0.1392490267753601
  ],
  "fitness": -18.566775244299407,
  "disqualified": false,
  "seed": 71
}