{
  "weights": [
    0.5567841529846191,
    0.5251879096031189,
    -1.0,
    -0.47566741704940796,
    0.5748143196105957,
    -0.3698018789291382,
    0.9822799563407898,
    0.7391351461410522,
    -0.5590260028839111,
    0.1859665811061859,
    -1.0,
    0.9068464040756226,
    -0.7495214343070984,
    0.1860407590866089,
    -0.3559076488018036,
    -0.2885833978652954,
    0.5461426377296448,
    -0.38379159569740295,
    -0.3059583604335785,
    1.0,
    -0.8837512135505676,
    -1.0,
    -0.8667818903923035,
    0.12761256098747253,
    0.4594273865222931,
    0.4729618430137634,
    0.969921350479126,
    -0.6612988710403442,
    0.7533068656921387,
    0.7838448882102966,
    0.29991960525512695,
    -0.31208401918411255,
    -0.3101460635662079,
    0.7210029363632202,
    -0.31038808822631836,
    0.013442708179354668,
    1.0,
    -0.3315359354019165,
    0.03879714384675026,
    1.0,
    -0.662233293056488,
    0.4960435628890991,
    0.7794309258460999,
    -0.8246978521347046,
    -0.6921792030334473,
    0.5763003826141357,
    -1.0,
    -1.0,
    -1.0,
    -0.2752802073955536,
    -1.0
  ],
  "fitness": 662.21498371334,
  "disqualified": false,
  "seed": 71
}