{
  "weights": [
    -1.6155855655670166,
    -1.7692567110061646,
    -0.31027713418006897,
    0.18920059502124786,
    -0.8191601634025574,
    -0.8227856159210205,
    -0.6942248344421387,
    -0.6815059781074524,
    1.1560282707214355,
    -0.9917687177658081,
    -1.8420789241790771,
    -0.778231680393219,
    0.07794065028429031,
    0.5979450941085815,
    -0.22455371916294098,
    -1.3746103048324585,
    -1.7473257780075073,
    0.9590398669242859,
    1.766507863998413,
    1.0488711595535278,
    -0.096492238342762,
    -0.5696492195129395,
    0.0006037376588210464,
    -0.12544290721416473,
    -0.18880069255828857,
    1.0356230735778809,
    -0.4150278568267822,
    -1.1703916788101196,
    2.5642096996307373,
    0.03625597432255745,
    -0.07408685237169266,
    -1.4890307188034058,
    -0.05682775005698204,
    0.01745016686618328,
    -1.4833492040634155,
    1.3484470844268799,
    0.45506370067596436,
    0.2674073576927185,
    1.5538755655288696,
    0.44990482926368713,
    -1.0611416101455688,
    -0.051316794008016586,
    2.1871745586395264,
    -0.2414567768573761,
    -1.3807778358459473,
    -0.7762678265571594,
    -0.6728335022926331,
    0.3761625587940216,
    0.8620184659957886,
    0.7005738615989685,
    -1.3976370096206665
  ],
  "fitness": 22.724247166216436,
  "disqualified": false
}