{
  "weights": [
    0.8019744753837585,
    -1.086056113243103,
    -0.17239677906036377,
    -0.5069531798362732,
    0.12678414583206177,
    -0.2815425992012024,
    1.9753838777542114,
    -1.7498785257339478,
    -0.40896663069725037,
    -2.1310901641845703,
    -0.038512349128723145,
    0.8601180911064148,
    1.1443268060684204,
    -2.059145927429199,
    -0.6720141172409058,
    -0.0685315802693367,
    -0.5094596743583679,
    -1.0339363813400269,
    0.8242262601852417,
    -1.4406052827835083,
    1.8247836828231812,
    -0.8907416462898254,
    -0.20129328966140747,
    0.614372730255127,
    -0.3594420254230499,
    0.17796377837657928,
    1.008748173713684,
    -0.8607509732246399,
    0.1514921486377716,
    -0.5203019380569458,
    0.1897657811641693,
    -0.6181058883666992,
    -0.24775297939777374,
    1.0755298137664795,
    0.14358609914779663,
    0.2469625025987625,
    -0.6726194024085999,
    0.9984419941902161,
    -0.818329930305481,
    -1.640807032585144,
    0.22887764871120453,
    0.7643033862113953,
    0.24688151478767395,
    1.2474783658981323,
    -0.898566722869873,
    0.05989506095647812,
    0.9868230223655701,
    0.2057609111070633,
    0.07289362698793411,
    -1.4185982942581177,
    -0.9983864426612854
  ],
  "fitness": 34.32648725030192,
  "disqualified": false
}