{
  "weights": [
    0.5027336478233337,
    0.14801505208015442,
    0.46612244844436646,
    -1.0,
    -0.5796963572502136,
    -0.9640377759933472,
    0.6105589866638184,
    1.0,
    1.0,
    -0.23160848021507263,
    -0.4340584874153137,
    -1.0,
    -0.770658016204834,
    0.9543068408966064,
    -0.21799196302890778,
    -0.018702855333685875,
    0.23902881145477295,
    -1.0,
    0.586331307888031,
    -0.4839932918548584,
    -0.5796214938163757,
    -1.0,
    1.0,
    0.4133761525154114,
    -0.030778098851442337,
    -1.0,
    -0.35359516739845276,
    1.0,
    0.6728587746620178,
    -1.0,
    0.5515298247337341,
    1.0,
    1.0,
    0.8599019050598145,
    0.48963627219200134,
    -0.1559043675661087,
    -1.0,
    0.7811665534973145,
    -0.24106480181217194,
    -0.04327612370252609,
    1.0,
    0.5610589385032654,
    1.0,
    0.23728270828723907,
    1.0,
    -0.7895497679710388,
    -0.32501864433288574,
    -0.5345741510391235,
    -1.0,
    -0.6350168585777283,
    0.011778335087001324
  ],
  "fitness": 30.3360067305923,
  "disqualified": false,
  "seed": 4027731709
}