{
  "weights": [
    -0.9566501379013062,
    -0.6952626705169678,
    0.2579253613948822,
    0.006793839856982231,
    0.46092545986175537,
    -2.119540214538574,
    -2.389962911605835,
    0.9693074226379395,
    0.5203704833984375,
    0.17827169597148895,
    -2.6718251705169678,
    0.015419705770909786,
    -0.614782989025116,
    1.125417709350586,
    0.7209641337394714,
    0.7290370464324951,
    -2.0540263652801514,
    0.3413412570953369,
    -0.35189127922058105,
    -1.3800584077835083,
    -0.5166672468185425,
    1.3208469152450562,
    -0.10503607988357544,
    -0.33547285199165344,
    2.982619285583496,
    0.7274702787399292,
    1.3245317935943604,
    -1.8506582975387573,
    0.11480528116226196,
    0.9652049541473389,
    0.19349731504917145,
    -0.5861675143241882,
    -1.7792788743972778,
    -0.4347403943538666,
    0.19450800120830536,
    -2.9960763454437256,
    -0.3018818497657776,
    0.09237302839756012,
    -0.4209246039390564,
    2.122039794921875,
    0.6100279688835144,
    -0.46695801615715027,
    -0.023050745949149132,
    -0.8365675210952759,
    0.5189642310142517,
    -0.6563798785209656,
    0.13564050197601318,
    -0.3925631642341614,
    -0.49695268273353577,
    0.06334532052278519,
    -0.7825841307640076
  ],
  "fitness": 42.072095068630375,
  "disqualified": false
}