{
  "weights": [
    0.4379899203777313,
    1.2777961492538452,
    -2.6355912685394287,
    0.7142149806022644,
    -1.4121562242507935,
    -0.20866259932518005,
    -1.18520188331604,
    0.7270240187644958,
    -0.3542841076850891,
    0.32755914330482483,
    -0.4447644352912903,
    0.19486820697784424,
    -0.5369400382041931,
    1.002456545829773,
    -0.46677476167678833,
    -0.5628591775894165,
    -0.8934057354927063,
    -1.2427830696105957,
    -1.735520601272583,
    0.4627779722213745,
    1.2196334600448608,
    -0.9272432923316956,
    -0.6591731309890747,
    -0.4596724510192871,
    1.017509937286377,
    -0.9776111245155334,
    1.073108434677124,
    0.47434332966804504,
    0.4906764030456543,
    1.0948596000671387,
    -1.1213263273239136,
    1.118406057357788,
    1.0183537006378174,
    1.4650393724441528,
    -0.9164122343063354,
    -2.3980953693389893,
    1.0947463512420654,
    1.3152014017105103,
    0.13914765417575836,
    -0.48214370012283325,
    -0.7641682028770447,
    0.44940775632858276,
    -0.8000808358192444,
    1.0349072217941284,
    0.6975962519645691,
    0.12712311744689941,
    0.6843357682228088,
    -0.1784166693687439,
    -1.3974214792251587,
    1.8290207386016846,
    -0.24434946477413177
  ],
  "fitness": -12.959192276000977,
  "disqualified": false
}