{
  "weights": [
    -0.1585763543844223,
    -2.2674765586853027,
    0.2784527838230133,
    -0.7987972497940063,
    -0.9577075839042664,
    -0.9020195007324219,
    -0.8368273973464966,
    -0.4886414706707001,
    -0.39609161019325256,
    -0.6687271595001221,
    -0.41479504108428955,
    -1.4794749021530151,
    0.5099747776985168,
    -0.28517982363700867,
    0.8784610629081726,
    -0.11998266726732254,
    -0.8467093706130981,
    0.10939652472734451,
    0.8750539422035217,
    -1.0783988237380981,
    0.19186921417713165,
    0.9417837858200073,
    -0.7200746536254883,
    -0.1528639942407608,
    0.459632009267807,
    1.0952097177505493,
    0.7060307860374451,
    -0.11532047390937805,
    1.9287543296813965,
    -0.02621285989880562,
    -0.8183290362358093,
    0.8443909883499146,
    0.1968056857585907,
    0.10841015726327896,
    0.6971440315246582,
    0.8416953086853027,
    -0.14240218698978424,
    -0.4651354253292084,
    -0.29780611395835876,
    1.8163048028945923,
    0.1682688295841217,
    -0.692192792892456,
    0.28977906703948975,
    -1.173334002494812,
    -0.22887171804904938,
    -0.025076746940612793,
    0.37235429883003235,
    -0.1449565887451172,
    -0.8199352025985718,
    -1.1741549968719482,
    1.393656611442566
  ],
  "fitness": 16.541078567504883,
  "disqualified": false
}