{
  "weights": [
    -1.0458263158798218,
    0.6917293667793274,
    -0.07496784627437592,
    1.043487548828125,
    -2.644374370574951,
    -0.7622629404067993,
    1.2459776401519775,
    -1.6424472332000732,
    -1.5944160223007202,
    -2.560488224029541,
    -0.1447169929742813,
    0.07389053702354431,
    -0.6688532829284668,
    -0.7692158222198486,
    -0.6364322304725647,
    -0.7100245952606201,
    -1.706176996231079,
    -1.5553109645843506,
    1.4269026517868042,
    0.5597415566444397,
    1.2466411590576172,
    0.05413134768605232,
    0.5472652912139893,
    1.6169556379318237,
    0.6593950390815735,
    -0.40896040201187134,
    -1.5787070989608765,
    1.0495760440826416,
    1.2664246559143066,
    -1.0314068794250488,
    0.6542516350746155,
    -0.6011372208595276,
    1.8501977920532227,
    0.6094357371330261,
    0.8121525645256042,
    -0.9986258745193481,
    0.5098801255226135,
    -1.461887001991272,
    -0.5128589272499084,
    1.9633888006210327,
    -0.7717387080192566,
    -0.7248522043228149,
    0.2213287055492401,
    0.2828589677810669,
    -0.14798900485038757,
    1.2268993854522705,
    -0.39638787508010864,
    0.925841212272644,
    -0.22020307183265686,
    1.4559203386306763,
    -1.441852331161499
  ],
  "fitness": 51.91992715556834,
  "disqualified": false
}