{
  "weights": [
    -1.0,
    1.0,
    0.6684360504150391,
    -1.0,
    -0.5652322173118591,
    -0.19460321962833405,
    0.6102526783943176,
    -1.0,
    0.4872857332229614,
    0.15999136865139008,
    0.20707939565181732,
    -0.9945052266120911,
    -0.8696944117546082,
    0.31429359316825867,
    -0.8228975534439087,
    0.7350443601608276,
    -1.0,
    0.35372695326805115,
    -0.9503032565116882,
    0.4667670428752899,
    0.4405408799648285,
    0.9602671265602112,
    1.0,
    0.021277720108628273,
    -0.9286436438560486,
    -1.0,
    1.0,
    -0.49197664856910706,
    -1.0,
    0.3526255488395691,
    -0.8968381881713867,
    -0.2940269410610199,
    0.2026127576828003,
    -0.20851245522499084,
    -0.8923439979553223,
    -0.9505470395088196,
    -0.5656291246414185,
    1.0,
    0.040950361639261246,
    0.8182789087295532,
    0.0008335360907949507,
    -1.0,
    -1.0,
    -1.0,
    1.0,
    0.5037999749183655,
    1.0,
    -0.5978586673736572,
    0.5660606622695923,
    -0.14394216239452362,
    -1.0
  ],
  "fitness": 77.70034843205532,
  "disqualified": false,
  "seed": 3318846596
}