{
  "weights": [
    -0.8797184228897095,
    0.510951578617096,
    0.7908328175544739,
    -0.80328768491745,
    -0.2315383404493332,
    -1.6903481483459473,
    0.1369585394859314,
    0.3354032039642334,
    0.6908445954322815,
    -1.4685344696044922,
    0.5733089447021484,
    -0.0743824765086174,
    1.0,
    -0.9656961560249329,
    0.4573151469230652,
    -0.15344135463237762,
    -1.0,
    -1.0,
    -0.12905359268188477,
    0.7207016944885254,
    -1.0,
    1.0,
    -1.0,
    1.0,
    0.2504696846008301,
    -0.5050898194313049,
    1.0,
    -0.259814977645874,
    -1.0,
    0.24501807987689972,
    -1.0,
    -0.43905988335609436,
    0.5869919061660767,
    1.0,
    -0.27170026302337646,
    0.48668205738067627,
    0.8807507753372192,
    0.8661676645278931,
    -0.46677809953689575,
    0.5571779608726501,
    0.2639288604259491,
    0.9417445659637451,
    -0.4497150778770447,
    -1.4650732278823853,
    0.22763986885547638,
    -1.0989888906478882,
    1.1580613851547241,
    0.3466879725456238,
    -2.203975200653076,
    -1.2219312191009521,
    -0.1392490267753601
  ],
  "fitness": -18.566775244299542,
  "disqualified": false,
  "seed": 71
}