{
  "weights": [
    -0.031533438712358475,
    0.2023342400789261,
    1.0,
    -1.0,
    0.09820381551980972,
    -1.0,
    -0.07436930388212204,
    1.0,
    -0.5810678601264954,
    -0.06731859594583511,
    -0.12297830730676651,
    -0.03781582787632942,
    -0.33290165662765503,
    0.5364580750465393,
    -1.0,
    -0.44082215428352356,
    -0.910042941570282,
    -0.2624245882034302,
    -0.24450577795505524,
    -0.13276733458042145,
    0.3032477796077728,
    0.05562007799744606,
    0.43879827857017517,
    1.0,
    0.8796091675758362,
    0.49166208505630493,
    -0.6818762421607971,
    1.0,
    -0.6829200983047485,
    0.9209293127059937,
    -0.8769667744636536,
    1.0,
    -0.4659440219402313,
    0.9384997487068176,
    0.2760934829711914,
    1.0,
    -0.12223198264837265,
    -0.9441655874252319,
    -0.5511360764503479,
    0.5907899141311646,
    0.6519944667816162,
    0.7148525714874268,
    -0.32146376371383667,
    1.0,
    -1.0,
    0.6019247174263,
    -1.0,
    -0.8124978542327881,
    -1.0,
    -0.08227553963661194,
    -0.11399731040000916
  ],
  "fitness": 100.58063651211997,
  "disqualified": false,
  "seed": 3428831014
}