{
  "weights": [
    -0.6375450491905212,
    -0.6895868182182312,
    -0.3064654767513275,
    0.35273903608322144,
    -0.8040941953659058,
    0.6879908442497253,
    0.4432208836078644,
    -0.9246508479118347,
    -1.0,
    0.1407054215669632,
    -0.6345651745796204,
    -0.4304514527320862,
    -0.019409189000725746,
    -0.9364197850227356,
    0.5928078293800354,
    0.03962412104010582,
    -0.7693697810173035,
    -1.0,
    -0.1485564261674881,
    0.4084031879901886,
    -0.022026406601071358,
    -0.12688106298446655,
    0.9674320816993713,
    -0.48023930191993713,
    -0.6324009895324707,
    0.6992672085762024,
    0.23231704533100128,
    -0.18761812150478363,
    0.6211825013160706,
    0.614061713218689,
    0.40772920846939087,
    1.0,
    0.8456545472145081,
    0.19616550207138062,
    -0.45742830634117126,
    -0.6872104406356812,
    0.10301168262958527,
    -0.6977723836898804,
    -0.9073576927185059,
    -0.27356448769569397,
    -0.30733850598335266,
    -1.0,
    1.0,
    0.5937811732292175,
    -0.4821244776248932,
    0.49341362714767456,
    -0.15000000596046448,
    -0.09850434958934784,
    -0.009356648661196232,
    0.13264352083206177,
    0.5394622683525085
  ],
  "fitness": 29.74512476177962,
  "disqualified": false,
  "seed": 1937288673
}