{
  "weights": [
    -0.4670689105987549,
    0.13836008310317993,
    -1.0,
    -1.0,
    -0.40991804003715515,
    0.09350837767124176,
    0.6604090332984924,
    -0.2751617729663849,
    1.0,
    -0.47173911333084106,
    -0.5578871369361877,
    0.7043782472610474,
    -1.0,
    -0.9621561765670776,
    -0.5146800875663757,
    -0.29432177543640137,
    0.9668855667114258,
    -0.4497952163219452,
    -0.8215532302856445,
    -0.330047607421875,
    0.34143269062042236,
    1.0,
    0.32731059193611145,
    1.0,
    1.0,
    1.0,
    0.07233788073062897,
    0.3274998366832733,
    0.35240888595581055,
    -1.0,
    -0.6718968749046326,
    -1.0,
    1.0,
    1.0,
    -1.0,
    0.6195351481437683,
    1.0,
    -1.0,
    1.0,
    0.4083591103553772,
    -0.22719500958919525,
    -0.8856303095817566,
    -0.27902936935424805,
    -0.2985553741455078,
    -0.21293093264102936,
    -0.4812934994697571,
    -0.3004102110862732,
    -0.6763493418693542,
    -0.35298511385917664,
    -1.0,
    -1.0
  ],
  "fitness": 20.52117263843582,
  "disqualified": false,
  "seed": 71
}