{
  "weights": [
    -0.5835176110267639,
    0.5483781695365906,
    -2.144649028778076,
    -0.14162424206733704,
    -3.211193799972534,
    0.5495091080665588,
    -0.20080849528312683,
    0.877565324306488,
    0.7365084886550903,
    -0.6191418766975403,
    -0.9378347396850586,
    0.9399104714393616,
    1.3819352388381958,
    0.08117059618234634,
    1.5357332229614258,
    -1.4115095138549805,
    -0.434613436460495,
    1.3949482440948486,
    0.46431177854537964,
    0.8212258219718933,
    0.8078722357749939,
    -0.4767681658267975,
    0.6525887250900269,
    0.46200311183929443,
    -0.47092384099960327,
    0.2920277714729309,
    0.5458785891532898,
    -0.4190371334552765,
    1.1658732891082764,
    -0.5861756205558777,
    1.3543965816497803,
    -0.7459498047828674,
    -0.15355508029460907,
    1.9116265773773193,
    0.15443281829357147,
    0.050751157104969025,
    -0.19893254339694977,
    -0.5130663514137268,
    1.1235830783843994,
    -0.06542358547449112,
    1.4450408220291138,
    -0.4261466860771179,
    -0.1756390631198883,
    -0.9455963969230652,
    -2.118764877319336,
    0.708302915096283,
    -1.2523328065872192,
    1.4185121059417725,
    0.4626472294330597,
    1.3036236763000488,
    0.43208062648773193
  ],
  "fitness": 135.4277423483944,
  "disqualified": false
}