{
  "weights": [
    0.7225612998008728,
    -1.327741265296936,
    -0.7519874572753906,
    -0.8274505138397217,
    0.10974367707967758,
    -0.03292921930551529,
    0.6015511155128479,
    -1.5287058353424072,
    0.15256746113300323,
    0.07204229384660721,
    -1.8388475179672241,
    -2.6789867877960205,
    0.18040941655635834,
    0.9710292816162109,
    -1.7277894020080566,
    -0.12572704255580902,
    -0.7948832511901855,
    0.33643704652786255,
    -0.5194478631019592,
    0.14190950989723206,
    0.9175091981887817,
    -0.837761640548706,
    0.6341603994369507,
    -0.3615366220474243,
    0.19417572021484375,
    0.12291836738586426,
    0.21049106121063232,
    0.6242499351501465,
    0.06935279071331024,
    1.722980260848999,
    -0.6011286377906799,
    0.9836311936378479,
    -0.10438612848520279,
    -0.39081940054893494,
    -0.7672053575515747,
    -0.2982129156589508,
    0.8680292367935181,
    -1.1385741233825684,
    0.2645024359226227,
    0.8604562282562256,
    0.7413806915283203,
    0.16410166025161743,
    -0.4547591209411621,
    -1.2239878177642822,
    0.23799581825733185,
    1.3017534017562866,
    0.4599357843399048,
    -0.9875649809837341,
    -0.3252504765987396,
    -0.14574572443962097,
    -0.11940416693687439
  ],
  "fitness": 95.63938668102205,
  "disqualified": false
}