{
  "weights": [
    0.06552266329526901,
    -0.6341283321380615,
    0.6385958790779114,
    0.49004700779914856,
    -1.0,
    -0.64116370677948,
    -1.0,
    0.6933147311210632,
    0.8473638296127319,
    -1.0,
    -0.22280271351337433,
    -0.009553526528179646,
    -0.6194952726364136,
    0.14359621703624725,
    -0.6072142124176025,
    0.509136974811554,
    -0.9072311520576477,
    -0.5205462574958801,
    0.7071255445480347,
    1.0,
    1.0,
    -0.7582526206970215,
    -0.6673546433448792,
    1.0,
    -0.9258153438568115,
    -0.2550707757472992,
    0.6260219216346741,
    1.0,
    0.8821404576301575,
    -0.22628016769886017,
    0.3400513231754303,
    1.0,
    0.8079164028167725,
    -0.37283435463905334,
    0.3966926634311676,
    -0.7849493622779846,
    -1.0,
    0.10966158658266068,
    0.6395033597946167,
    0.07859638333320618,
    -0.38943803310394287,
    0.3913477659225464,
    0.6566534638404846,
    -0.20016540586948395,
    -0.6053689122200012,
    0.2178211510181427,
    -1.0,
    1.0,
    -1.0,
    -0.614143967628479,
    -0.34112775325775146
  ],
  "fitness": 93.81570441036772,
  "disqualified": false,
  "seed": 11020129
}