{
  "max": [
    -73.60000000000022,
    -73.60000000000022
  ],
  "mean": [
    -77.69749999999996,
    -76.57000000000002
  ],
  "min": [
    -83.4999999999996,
    -78.0
  ]
}