{
  "weights": [
    -0.38254346891432406,
    -0.44475434469499464,
    -0.15528458162751604,
    -0.6583141829686517,
    -0.6162783334210231,
    -0.365290861972878,
    -0.8004326898984776,
    -0.43393826403604735,
    0.34890256427007516,
    0.784367915549241,
    0.2589544723907473,
    1.0,
    0.11812022437179026,
    -0.8557429113539476,
    -0.6543285923739982,
    -0.8410189832914798,
    -0.20184599072717085,
    -1.0,
    0.45321791474314965,
    0.1044565830151633,
    -0.6699205410457978,
    0.2004482109579246,
    0.39382069012404064,
    0.13352559689157062,
    -0.5423026253143192,
    0.006671971081779526,
    0.881388632672256
  ],
  "fitness": -27.83505154639169,
  "disqualified": false
}