{
  "weights": [
    -1.2479520480601436,
    2.083987831238337,
    0.30464533107423525
  ],
  "fitness": 0.8520689655172415,
  "disqualified": true
}