{
  "weights": [
    -0.9787237684428427,
    -0.252813270111532,
    0.800724569092468,
    -0.3944207367681458,
    -1.0,
    0.46877896621352577,
    -0.6159318025865186,
    -0.7976465965652513,
    0.7791778607768247,
    -0.9774506404716186,
    0.6644710793221351,
    -0.9038293180285049,
    -0.27403064386875675,
    0.8750144029876152,
    -0.06796324537951537,
    0.03391476970498343,
    0.5489514035257839,
    -0.3062502641555327,
    -0.7882683543054465,
    -0.0557177678236247,
    -0.6553760786932752,
    -0.2265593891188884,
    0.5543262801894018,
    0.19248156847303188,
    0.010856595144994818,
    -0.5344071567592956,
    -0.034321673128661745
  ],
  "fitness": 15.241635687732709,
  "disqualified": false
}