{
  "weights": [
    -0.8534937135781228,
    -1.0,
    -1.0,
    -0.8742932751275106,
    -0.5304874892528355,
    0.3831554311019623,
    -0.7926948929880825,
    0.657195180085852,
    -0.5830088874219881,
    -0.5904904110558802,
    -0.1498264112792947,
    -0.4081360788406997,
    0.5905046242888826,
    0.442291258315858,
    0.22029323812535107,
    0.29141937877220203,
    -0.8324387171469645,
    -1.0,
    -1.0,
    -0.5389965962807362,
    0.10543544929253965,
    0.5843303342678179,
    -1.0,
    0.2965145407797566,
    0.4569935356362461,
    -0.0847011099171209,
    0.2286335464641716
  ],
  "fitness": 57.69230769230701,
  "disqualified": false
}