{
  "weights": [
    -0.6776526145825243,
    -0.02489453261231156,
    -0.9465585654060327,
    0.631820363168405,
    -0.9521965386332572,
    -0.15630425799476555,
    -0.665113072502588,
    0.8320584896655805,
    0.013433870826841332,
    0.42896412677688933,
    0.6628377278959432,
    0.5681704043585312,
    -0.5350884854272681,
    0.8285970745446185,
    0.5589703607316767,
    0.9280124754093465,
    0.6342929422784844,
    0.5907190401642683,
    0.32228546863237395,
    -0.5836795417445282,
    -0.5685170826759058,
    0.3816373976903207,
    0.7172999418168495,
    0.19853554187367584,
    -0.8861109184110083,
    -0.24298334112332043,
    -0.27877750744387275
  ],
  "fitness": 4.8951048951052245,
  "disqualified": false
}