{
  "weights": [
    -1.0,
    -1.0,
    -0.4688163290517824,
    -0.3495406238635016,
    -1.0,
    0.04910597836779726,
    0.08611358373500716,
    1.0,
    -0.026709982514148245,
    -0.47788472909054036,
    0.3830335094500998,
    -0.40331238750845166,
    0.9185875510703818,
    -1.0,
    0.31839425412416356,
    -0.5527207597423034,
    -0.2953390653700635,
    0.4786978488801964,
    -0.7289709660761993,
    -0.33199268496927314,
    0.05180250906590206,
    -0.7783060371872708,
    -0.5756404236965333,
    -0.6974627862995136,
    0.7600702942747767,
    -0.10952660388441203,
    0.26303769174949354
  ],
  "fitness": 91.01123595505717,
  "disqualified": false
}