gen,avg_fitness,max_fitness,median_fitness,avg_w0,std_w0
0,-27693.54846,-44.89362,-29914.97767,0.04089,0.50865
1,-21354.83175,-63.33333,-11873.49564,-0.06345,0.46525
2,-11913.43866,-52.79412,-3710.01332,-0.27954,0.41664
3,-2189.76157,-60.55556,-79.45359,-0.34358,0.36873
4,-74.44172,-55.53191,-70.68976,-0.38524,0.07743
