{
  "0": [
  {
    "id": 0,
    "weights": [
      -0.7247953327075276,
      -0.10746414509259417,
      0.7898106046281428,
      -0.845716269644428,
      0.6438331171192608,
      0.9277922199832564,
      -0.9453767734367358,
      -0.8945033880437758,
      -0.5720135292358628,
      0.8542470115760301,
      0.10409103570389311,
      -0.1291238312176568,
      0.03975648839929935,
      0.8704205028128982,
      0.6855100300796904,
      0.6718541267531963,
      0.22431563879215966,
      0.10334258877803193,
      0.7604660447382938,
      -0.07045336954291881,
      0.6950502795502858,
      0.4555837984673503,
      -0.16098960056363065,
      0.6501458592072593,
      0.6879842928025717,
      -0.4141794879699905,
      -0.2562273607211645
    ],
    "fitness": -2609.054054053969,
    "disqualified": false
  },
  {
    "id": 1,
    "weights": [
      -0.8872622033091471,
      0.47616681189791965,
      -0.7285017749550147,
      -0.5152142702221312,
      -0.24834814624507118,
      0.2080639656442893,
      0.30220045893303804,
      -0.9311997678531165,
      0.7444889663460847,
      -0.34767350897068994,
      -0.48364988189883995,
      -0.6301391611621687,
      0.864308687475807,
      0.48067385816846286,
      -0.05831176412592809,
      0.9671081986689023,
      -0.6528533418655906,
      0.8324603944043982,
      -0.6757637623888242,
      0.11398192749624614,
      -0.6882449250215168,
      -0.4781576537523935,
      -0.4546089251146781,
      -0.136710713659433,
      -0.3715005083456828,
      0.24506359703714886,
      0.9053204604154619
    ],
    "fitness": -2.6708074534164155,
    "disqualified": false
  },
  {
    "id": 2,
    "weights": [
      -0.16740584204217468,
      0.8095923748258049,
      -0.9289220410729266,
      0.02674051175653691,
      -0.6047260678822548,
      0.3303823668706112,
      0.31729301316053893,
      -0.47472901865332884,
      -0.9839633504044103,
      -0.06457344172128576,
      0.377011597266,
      0.8048736722729111,
      0.13469292602082827,
      -0.5711590266291406,
      0.37977428849471173,
      -0.832864053316041,
      -0.11940281007872433,
      0.6773953730958513,
      0.20062800692377447,
      -0.625069558195203,
      0.257432696391265,
      0.08252204402067287,
      0.09523442906264146,
      0.0354794419465676,
      -0.9914427754216812,
      -0.8066675406983319,
      -0.3881719648745754
    ],
    "fitness": -350.63492063492595,
    "disqualified": false
  },
  {
    "id": 3,
    "weights": [
      -0.7140560657504798,
      -0.025881993625707977,
      0.897646535608837,
      0.3930762365259719,
      0.6216741781412194,
      -0.7255398365877148,
      -0.06280740189378564,
      0.11279658405424797,
      0.33122568452823575,
      0.0572104720127371,
      0.4563185468976141,
      0.9945893739582761,
      -0.8095270528619016,
      -0.533245325886543,
      0.055366769524472614,
      -0.9322884035850112,
      0.22418191118585784,
      0.5303782456810135,
      0.15078423814090391,
      0.33749328171253845,
      0.8573157919497951,
      -0.4499964372699612,
      -0.982757446688157,
      -0.5553146088686145,
      -0.9791749877313769,
      -0.19628191616207258,
      0.7658013057436062
    ],
    "fitness": -36767.49999999935,
    "disqualified": false
  },
  {
    "id": 4,
    "weights": [
      0.9293420118788831,
      -0.8279410460057899,
      0.8937347914186826,
      -0.4198320976316283,
      0.6356565020183254,
      0.5423201881373678,
      -0.9078166270598409,
      -0.789121346194041,
      0.6457262903620524,
      -0.34339131006375845,
      -0.5709128723358929,
      0.016542403652610282,
      -0.6198255333626161,
      -0.021981441722532802,
      -0.6548551597306995,
      0.30596265370668707,
      -0.11663153879708332,
      0.16522061231360574,
      0.882350926314464,
      0.5138835708634464,
      -0.736413123273364,
      -0.7983615387113805,
      -0.9737097624027571,
      0.4828223016624167,
      0.46581040836029164,
      0.8438523730222143,
      -0.030067086744020255
    ],
    "fitness": -49989.39597315351,
    "disqualified": false
  },
  {
    "id": 5,
    "weights": [
      0.5612982985250248,
      -0.445680059868236,
      -0.3410789428455312,
      0.7336149372373559,
      0.7733777478892108,
      -0.2897737044142883,
      0.46832022807670115,
      -0.006853441523638537,
      -0.2193555456083518,
      -0.5392274226551079,
      -0.7543104063875752,
      -0.17458029781113837,
      -0.17811934898386972,
      0.18812395039264973,
      0.9962758416427195,
      -0.5089602088018899,
      0.23948066445501515,
      -0.5046125349759059,
      0.44243877183259683,
      0.07384768691075272,
      0.18164673727200942,
      -0.13868373698111425,
      0.9744902391383876,
      0.6787914021945791,
      -0.857814645149207,
      0.42190793104369595,
      -0.8996795324803721
    ],
    "fitness": -50033.40501792025,
    "disqualified": false
  },
  {
    "id": 6,
    "weights": [
      0.21822076780998811,
      0.1802893592183743,
      -0.8348405345197583,
      0.18562688704936292,
      -0.6010606485941261,
      0.8893350665803375,
      -0.3969673316390592,
      -0.6094019771265817,
      -0.5835066889093994,
      -0.5286446319214557,
      0.6378594459160021,
      0.5332542675029943,
      -0.5447722227020295,
      -0.7129940482266324,
      0.606370146667049,
      0.5092768105199144,
      0.3917195418280768,
      0.03252016435538119,
      0.664346491954958,
      0.875327738300842,
      -0.8832741438914808,
      -0.5965264228069347,
      0.07503377003881684,
      -0.9691910578087728,
      0.7640924305206325,
      0.6634357889581968,
      0.9778485166900617
    ],
    "fitness": -259.0540540540542,
    "disqualified": false
  },
  {
    "id": 7,
    "weights": [
      0.9401527744708156,
      -0.44376069671576923,
      0.7367940081423081,
      0.5020335700353877,
      -0.9886664780938004,
      -0.3149170076562837,
      0.6272311003625273,
      0.5723215094901983,
      -0.880209176371523,
      -0.06760267906221018,
      0.8398263986890109,
      0.6056563224695761,
      0.7509445036677629,
      -0.4474489298729689,
      0.14269546345149742,
      0.01180472377319175,
      0.09289520574765886,
      0.5494799093102907,
      -0.9667176057392666,
      -0.6653162713835965,
      0.9799146640408154,
      -0.9035151644115438,
      0.2880518033694184,
      -0.07378360164473641,
      -0.7739014734068388,
      0.7449612825191234,
      0.16143819904965517
    ],
    "fitness": -3428.6013986013895,
    "disqualified": false
  },
  {
    "id": 8,
    "weights": [
      -0.45752109801630736,
      0.6781923646758365,
      0.12891472615459443,
      -0.22265211600240065,
      -0.9555434614773222,
      -0.904012551274882,
      -0.7913466472970592,
      -0.472912549628673,
      0.2338626406718458,
      -0.3409895579959139,
      -0.738341476684423,
      -0.5092272038038346,
      -0.17177869315910232,
      -0.35433162453284206,
      -0.21417868009418406,
      -0.5782021532796346,
      -0.2957930327136542,
      0.9325688151574967,
      -0.266524003913194,
      -0.45458716042002134,
      0.35741693324586166,
      -0.0759060113213692,
      -0.7842609542923713,
      0.7909816709601245,
      -0.29729784295105266,
      0.806764916805252,
      0.07316703172517469
    ],
    "fitness": -60.06993006993034,
    "disqualified": false
  },
  {
    "id": 9,