generation,max,mean,min
0.0,-99.32601880877677,-23763.909341692437,-45502.30407523424
1.0,-99.32601880877677,-7605.203761755467,-36252.30407523451
