{
  "weights": [
    0.15637928247451782,
    -0.0075077880173921585,
    -0.44198915362358093,
    0.044002849608659744,
    -1.9381582736968994,
    0.49866539239883423,
    -1.275407075881958,
    -0.7883514165878296,
    -0.41851070523262024,
    -2.1619720458984375,
    -1.3338346481323242,
    0.43920835852622986,
    0.44207388162612915,
    -0.10675518959760666,
    -0.8467116355895996,
    0.06148195266723633,
    -0.06295624375343323,
    -0.8482940793037415,
    -1.1939997673034668,
    -1.4908761978149414,
    1.9163216352462769,
    0.3743140995502472,
    0.5685962438583374,
    0.7350195646286011,
    2.4051852226257324,
    -1.0263134241104126,
    1.6556777954101562,
    -0.8595526814460754,
    -0.27030447125434875,
    -2.108366012573242,
    -1.1156041622161865,
    -2.3449060916900635,
    0.07830335944890976,
    -1.254744529724121,
    -0.6931037306785583,
    1.6313287019729614,
    -0.5970436334609985,
    0.15844064950942993,
    0.3714546859264374,
    -1.5262497663497925,
    0.9637442827224731,
    -0.8974000215530396,
    -2.401554584503174,
    -0.6489471197128296,
    -0.26915767788887024,
    1.055161714553833,
    1.213372826576233,
    0.3234986662864685,
    -0.3165825307369232,
    -0.09053629636764526,
    -0.8348619937896729
  ],
  "fitness": -34.31702656501519,
  "disqualified": false
}