{
  "weights": [
    0.5452125072479248,
    -0.5752374529838562,
    0.6018095016479492,
    -1.289833664894104,
    -2.058945417404175,
    1.2674528360366821,
    -0.1949566751718521,
    -0.5793583393096924,
    -0.5226461291313171,
    -2.2032175064086914,
    0.9459823369979858,
    -0.23777689039707184,
    -1.0723862648010254,
    -1.1881380081176758,
    -0.7504978179931641,
    1.7649145126342773,
    -0.4281204342842102,
    -0.10617842525243759,
    -0.2967373728752136,
    0.8192933797836304,
    -0.7198342680931091,
    0.9799759387969971,
    -0.17133614420890808,
    0.5118252038955688,
    0.4304496943950653,
    1.451584815979004,
    0.2750101089477539,
    -1.498828649520874,
    0.5076637864112854,
    2.2503161430358887,
    -1.5573869943618774,
    -0.9420525431632996,
    0.3743085563182831,
    0.46137285232543945,
    -0.004032215569168329,
    1.8656169176101685,
    1.1900122165679932,
    0.10769771784543991,
    -1.4606846570968628,
    3.243481397628784,
    -0.09258537739515305,
    0.1953849196434021,
    0.39618250727653503,
    -1.7247695922851562,
    0.5737079381942749,
    1.2055796384811401,
    1.5025032758712769,
    0.3472471535205841,
    0.879513144493103,
    0.21953552961349487,
    -0.31923526525497437
  ],
  "fitness": -12.09152169369933,
  "disqualified": false
}