{
  "weights": [
    0.6564236879348755,
    -0.770794153213501,
    0.046386025846004486,
    -0.8096612095832825,
    0.22923921048641205,
    0.713685929775238,
    0.34332969784736633,
    0.7911116480827332,
    -0.9274327158927917,
    -0.6843299865722656,
    -1.0,
    -0.09766895323991776,
    -0.6823594570159912,
    0.9117742776870728,
    -0.6834594011306763,
    0.4005064368247986,
    0.5240904092788696,
    -0.48413509130477905,
    -0.37733161449432373,
    0.9333699345588684,
    0.7326607704162598,
    -0.19404004514217377,
    0.7673739194869995,
    0.0752323642373085,
    0.9353541731834412,
    -0.6847591996192932,
    -0.6814799904823303,
    -0.4517950713634491,
    0.8404664993286133,
    -0.45421066880226135,
    -0.08447431027889252,
    -0.874697208404541,
    0.9554668664932251,
    -0.06461808830499649,
    -0.04298607259988785,
    0.6548506617546082,
    0.9226465225219727,
    -0.6587380766868591,
    -0.8128547072410583,
    0.10650510340929031,
    -0.2932107448577881,
    -0.13312236964702606,
    0.47683659195899963,
    -0.10303246974945068,
    -0.7535824179649353,
    0.34942272305488586,
    -0.9531335830688477,
    -0.7216092348098755,
    -0.8742411136627197,
    -0.45744192600250244,
    -0.9444750547409058
  ],
  "fitness": 714.3322475569862,
  "disqualified": false,
  "seed": 71
}