{
  "weights": [
    0.20779119431972504,
    0.7747318744659424,
    -0.4237864911556244,
    -0.03267202898859978,
    0.9172055125236511,
    0.1307082325220108,
    -0.7705191373825073,
    -0.005358538590371609,
    -1.5248942375183105,
    0.10678499937057495,
    -0.8279157280921936,
    -1.506198763847351,
    -0.8138991594314575,
    0.17095144093036652,
    -0.39155110716819763,
    0.47394922375679016,
    -1.8839926719665527,
    0.8910459876060486,
    0.4453243315219879,
    0.3527835011482239,
    -0.2961857318878174,
    0.2535231113433838,
    1.5875496864318848,
    -0.8562147617340088,
    1.9022060632705688,
    -1.2662981748580933,
    0.6301364898681641,
    -0.06994718313217163,
    -0.9877980947494507,
    -0.7352367043495178,
    -1.5218839645385742,
    1.9783629179000854,
    -0.34329649806022644,
    -1.0481176376342773,
    1.1462416648864746,
    1.3447610139846802,
    -0.5077669620513916,
    0.6523109674453735,
    0.6952098608016968,
    -0.737545371055603,
    -1.8534516096115112,
    1.415352702140808,
    -0.38006189465522766,
    -1.2006962299346924,
    0.15160788595676422,
    -0.6525992155075073,
    0.4706081449985504,
    -0.105855792760849,
    1.003904938697815,
    -0.14727391302585602,
    -1.2396810054779053
  ],
  "fitness": -28.813831329345703,
  "disqualified": false
}