{
  "max": [
    -73.60000000000022,
    -73.60000000000022,
    -73.60000000000022,
    -73.60000000000022,
    -73.60000000000022,
    -73.60000000000022,
    -73.60000000000022,
    -73.60000000000022,
    -73.60000000000022,
    -73.60000000000022
  ],
  "mean": [
    -77.69749999999996,
    -76.57000000000002,
    -76.02000000000004,
    -75.71750000000006,
    -75.66250000000005,
    -75.66250000000005,
    -75.66250000000005,
    -75.66250000000005,
    -75.66250000000005,
    -75.66250000000005
  ],
  "min": [
    -83.4999999999996,
    -78.0,
    -76.9,
    -76.89999999999995,
    -75.80000000000004,
    -75.80000000000004,
    -75.80000000000004,
    -75.80000000000004,
    -75.80000000000004,
    -75.80000000000004
  ]
}