{
  "weights": [
    1.8162736892700195,
    0.4286118447780609,
    -0.9916905164718628,
    -0.49667277932167053,
    0.19671344757080078,
    -1.056540608406067,
    0.4915927052497864,
    -0.06863603740930557,
    0.19200053811073303,
    -1.0151925086975098,
    1.6297060251235962,
    0.39498427510261536,
    -0.3484642505645752,
    1.1103342771530151,
    -0.6791999340057373,
    0.10928928107023239,
    0.21918216347694397,
    0.08784403651952744,
    -0.35396018624305725,
    -1.978311538696289,
    -2.172006845474243,
    -0.17986896634101868,
    -1.4307955503463745,
    1.4385883808135986,
    -0.8278338313102722,
    1.0595183372497559,
    -0.5645102262496948,
    0.6906799674034119,
    1.0109251737594604,
    -0.02328985184431076,
    2.0190889835357666,
    0.9993191957473755,
    -0.6491028070449829,
    -0.8709534406661987,
    -0.7977997064590454,
    -1.378725528717041,
    1.4206539392471313,
    -2.283104181289673,
    -0.7032399773597717,
    -0.37553519010543823,
    1.6949542760849,
    -0.41664519906044006,
    -1.6005499362945557,
    1.140688180923462,
    -0.9033867120742798,
    1.4820603132247925,
    2.5159549713134766,
    -0.1243482232093811,
    1.1314923763275146,
    -1.327728271484375,
    -0.5978450179100037
  ],
  "fitness": -156.0796356201172,
  "disqualified": false
}