{
  "weights": [
    -0.6775482892990112,
    -0.5691558718681335,
    -0.9109597206115723,
    0.26569664478302,
    -0.9614552855491638,
    -1.0952309370040894,
    1.5668286085128784,
    0.4647260308265686,
    -2.0824508666992188,
    -1.5499285459518433,
    -0.056350406259298325,
    -0.7134568095207214,
    -0.12612934410572052,
    1.465148687362671,
    -1.0568581819534302,
    0.010688125155866146,
    -0.05687331780791283,
    0.0995219275355339,
    1.3782860040664673,
    -0.1429314762353897,
    0.8862141966819763,
    -0.5024703741073608,
    3.464132308959961,
    -0.7823439240455627,
    0.16676893830299377,
    0.5045422315597534,
    -0.259797066450119,
    -1.4866912364959717,
    0.5877899527549744,
    -1.4778379201889038,
    0.1409018486738205,
    -0.030795207247138023,
    -1.4918937683105469,
    -0.2555844187736511,
    -0.9123260378837585,
    1.324355125427246,
    0.17457996308803558,
    -1.106446385383606,
    0.6484149694442749,
    1.0666024684906006,
    1.2547738552093506,
    -1.1301136016845703,
    0.21166029572486877,
    0.2861967086791992,
    -1.707280158996582,
    1.922966718673706,
    -1.3163464069366455,
    -0.7777919769287109,
    2.0597915649414062,
    0.6098149418830872,
    -0.9703971147537231
  ],
  "fitness": 45.786824339180185,
  "disqualified": false
}